<metadata xml:lang="en"><Esri><MetaID>{41BB2C38-961E-4B0D-9DB5-6B07378274AA}</MetaID><CreaDate>20100128</CreaDate><CreaTime>15272900</CreaTime><SyncOnce>FALSE</SyncOnce><SyncDate>20151014</SyncDate><SyncTime>15325200</SyncTime><ModDate>20151014</ModDate><ModTime>15325200</ModTime><DataProperties><lineage><Process ToolSource="C:\Program Files\ArcGIS\ArcToolbox\Toolboxes\Conversion Tools.tbx\FeatureClassToFeatureClass" Date="20100128" Time="152732" Name="" export="">FeatureClassToFeatureClass C:\Justin\data\shoreline\HR_final_Jan2010.shp S:\LANDPRES\GISData\Natural.gdb\Hydrology Hudson_River_updated_2009 # "Id 'Id' true true false 6 Long 0 6 ,First,#,C:\Justin\data\shoreline\HR_final_Jan2010.shp,Id,-1,-1;cat 'cat' true true false 11 Double 0 11 ,First,#,C:\Justin\data\shoreline\HR_final_Jan2010.shp,cat,-1,-1;ET_ID 'ET_ID' true true false 8 Long 0 8 ,First,#,C:\Justin\data\shoreline\HR_final_Jan2010.shp,ET_ID,-1,-1" # S:\LANDPRES\GISData\Natural.gdb\Hydrology\Hudson_River_updated_2009</Process><Process ToolSource="c:\program files (x86)\arcgis\desktop10.1\ArcToolbox\Toolboxes\Data Management Tools.tbx\Merge" Date="20120917" Time="142135" Name="" export="">Merge Hudson_River_updated_2009;Export_Output G:\GISData\Natural.gdb\Hydrology\Hudson_River_updated_2012 "Id "Id" true true false 4 Long 0 0 ,First,#,Hudson_River_updated_2009,Id,-1,-1,Export_Output,Id,-1,-1;cat "cat" true true false 8 Double 0 0 ,First,#,Hudson_River_updated_2009,cat,-1,-1;ET_ID "ET_ID" true true false 4 Long 0 0 ,First,#,Hudson_River_updated_2009,ET_ID,-1,-1;Shape_Length "Shape_Length" false true true 8 Double 0 0 ,First,#,Hudson_River_updated_2009,Shape_Length,-1,-1;Shape_Area "Shape_Area" false true true 8 Double 0 0 ,First,#,Hudson_River_updated_2009,Shape_Area,-1,-1,Export_Output,Shape_Area,-1,-1;OBJECTID "OBJECTID" true true false 9 Long 0 9 ,First,#,Export_Output,OBJECTID,-1,-1;grid_code "grid_code" true true false 9 Long 0 9 ,First,#,Export_Output,grid_code,-1,-1;Shape_Leng "Shape_Leng" true true false 19 Double 0 0 ,First,#,Export_Output,Shape_Leng,-1,-1"</Process><Process ToolSource="c:\program files (x86)\arcgis\desktop10.1\ArcToolbox\Toolboxes\Conversion Tools.tbx\FeatureClassToFeatureClass" Date="20130603" Time="073522" Name="" export="">FeatureClassToFeatureClass G:\GISData\Natural.gdb\Hydrology\Hudson_River_updated_2012 G:\GISData\Natural.gdb\Hydrology Hudson_River # "Id "Id" true true false 4 Long 0 0 ,First,#,G:\GISData\Natural.gdb\Hydrology\Hudson_River_updated_2012,Id,-1,-1;cat "cat" true true false 8 Double 0 0 ,First,#,G:\GISData\Natural.gdb\Hydrology\Hudson_River_updated_2012,cat,-1,-1;ET_ID "ET_ID" true true false 4 Long 0 0 ,First,#,G:\GISData\Natural.gdb\Hydrology\Hudson_River_updated_2012,ET_ID,-1,-1;OBJECTID "OBJECTID" true true false 4 Long 0 0 ,First,#,G:\GISData\Natural.gdb\Hydrology\Hudson_River_updated_2012,OBJECTID,-1,-1;grid_code "grid_code" true true false 4 Long 0 0 ,First,#,G:\GISData\Natural.gdb\Hydrology\Hudson_River_updated_2012,grid_code,-1,-1;Shape_Leng "Shape_Leng" true true false 8 Double 0 0 ,First,#,G:\GISData\Natural.gdb\Hydrology\Hudson_River_updated_2012,Shape_Leng,-1,-1;Shape_Length "Shape_Length" false true true 8 Double 0 0 ,First,#,G:\GISData\Natural.gdb\Hydrology\Hudson_River_updated_2012,Shape_Length,-1,-1;Shape_Area "Shape_Area" false true true 8 Double 0 0 ,First,#,G:\GISData\Natural.gdb\Hydrology\Hudson_River_updated_2012,Shape_Area,-1,-1" #</Process></lineage><itemProps><itemName Sync="TRUE">HudsonRiverEstuary_ScenicHudson_2K_2012</itemName><imsContentType Sync="TRUE">002</imsContentType><itemLocation><linkage Sync="TRUE">file://\\shw2k12gis\gis\GISAdmin\SharedData\NYSgisClearinghouse\HudsonRiverEstuary_ScenicHudson_2K_2012.shp</linkage><protocol Sync="TRUE">Local Area Network</protocol></itemLocation><nativeExtBox><westBL Sync="TRUE">620689.201053</westBL><eastBL Sync="TRUE">711027.627660</eastBL><southBL Sync="TRUE">778306.918675</southBL><northBL Sync="TRUE">1428677.027709</northBL><exTypeCode Sync="TRUE">1</exTypeCode></nativeExtBox><itemSize Sync="TRUE">1.676</itemSize></itemProps><coordRef><type Sync="TRUE">Projected</type><geogcsn Sync="TRUE">GCS_North_American_1983</geogcsn><csUnits Sync="TRUE">Linear Unit: Foot_US (0.304801)</csUnits><projcsn Sync="TRUE">NAD_1983_StatePlane_New_York_East_FIPS_3101_Feet</projcsn><peXml Sync="TRUE">&lt;ProjectedCoordinateSystem xsi:type='typens:ProjectedCoordinateSystem' xmlns:xsi='http://www.w3.org/2001/XMLSchema-instance' xmlns:xs='http://www.w3.org/2001/XMLSchema' xmlns:typens='http://www.esri.com/schemas/ArcGIS/10.3'&gt;&lt;WKT&gt;PROJCS[&amp;quot;NAD_1983_StatePlane_New_York_East_FIPS_3101_Feet&amp;quot;,GEOGCS[&amp;quot;GCS_North_American_1983&amp;quot;,DATUM[&amp;quot;D_North_American_1983&amp;quot;,SPHEROID[&amp;quot;GRS_1980&amp;quot;,6378137.0,298.257222101]],PRIMEM[&amp;quot;Greenwich&amp;quot;,0.0],UNIT[&amp;quot;Degree&amp;quot;,0.0174532925199433]],PROJECTION[&amp;quot;Transverse_Mercator&amp;quot;],PARAMETER[&amp;quot;False_Easting&amp;quot;,492125.0],PARAMETER[&amp;quot;False_Northing&amp;quot;,0.0],PARAMETER[&amp;quot;Central_Meridian&amp;quot;,-74.5],PARAMETER[&amp;quot;Scale_Factor&amp;quot;,0.9999],PARAMETER[&amp;quot;Latitude_Of_Origin&amp;quot;,38.8333333333333],UNIT[&amp;quot;Foot_US&amp;quot;,0.3048006096012192],AUTHORITY[&amp;quot;EPSG&amp;quot;,2260]]&lt;/WKT&gt;&lt;XOrigin&gt;-17954600&lt;/XOrigin&gt;&lt;YOrigin&gt;-46918100&lt;/YOrigin&gt;&lt;XYScale&gt;137255069.87923574&lt;/XYScale&gt;&lt;ZOrigin&gt;-100000&lt;/ZOrigin&gt;&lt;ZScale&gt;10000&lt;/ZScale&gt;&lt;MOrigin&gt;-100000&lt;/MOrigin&gt;&lt;MScale&gt;10000&lt;/MScale&gt;&lt;XYTolerance&gt;0.0032808333333333331&lt;/XYTolerance&gt;&lt;ZTolerance&gt;0.001&lt;/ZTolerance&gt;&lt;MTolerance&gt;0.001&lt;/MTolerance&gt;&lt;HighPrecision&gt;true&lt;/HighPrecision&gt;&lt;WKID&gt;102715&lt;/WKID&gt;&lt;LatestWKID&gt;2260&lt;/LatestWKID&gt;&lt;/ProjectedCoordinateSystem&gt;</peXml></coordRef></DataProperties><scaleRange><minScale>150000000</minScale><maxScale>5000</maxScale></scaleRange><ArcGISFormat>1.0</ArcGISFormat><ArcGISProfile>ItemDescription</ArcGISProfile></Esri><idinfo><native Sync="TRUE">Microsoft Windows XP Version 5.1 (Build 2600) Service Pack 2; ESRI ArcCatalog 9.2.5.1450</native><descript><langdata Sync="TRUE">en</langdata><abstract>REQUIRED: A brief narrative summary of the data set.</abstract><purpose>REQUIRED: A summary of the intentions with which the data set was developed.</purpose></descript><citation><citeinfo><origin>REQUIRED: The name of an organization or individual that developed the data set.</origin><pubdate>REQUIRED: The date when the data set is published or otherwise made available for release.</pubdate><title Sync="TRUE">Hudson_River_updated_2009</title><ftname Sync="TRUE">Hudson_River_updated_2009</ftname><geoform Sync="TRUE">vector digital data</geoform><onlink Sync="TRUE">\\1ccvirus\shares\LANDPRES\GISData\Natural.gdb</onlink></citeinfo></citation><timeperd><current>REQUIRED: The basis on which the time period of content information is determined.</current><timeinfo><sngdate><caldate>REQUIRED: The year (and optionally month, or month and day) for which the data set corresponds to the ground.</caldate></sngdate></timeinfo></timeperd><status><progress>REQUIRED: The state of the data set.</progress><update>REQUIRED: The frequency with which changes and additions are made to the data set after the initial data set is completed.</update></status><spdom><bounding><westbc Sync="TRUE">-74.034415</westbc><eastbc Sync="TRUE">-73.684930</eastbc><northbc Sync="TRUE">42.754036</northbc><southbc Sync="TRUE">40.967384</southbc></bounding><lboundng><leftbc Sync="TRUE">620689.201053</leftbc><rightbc Sync="TRUE">711027.627660</rightbc><bottombc Sync="TRUE">778306.918675</bottombc><topbc Sync="TRUE">1428677.027709</topbc></lboundng></spdom><keywords><theme><themekt>REQUIRED: Reference to a formally registered thesaurus or a similar authoritative source of theme keywords.</themekt><themekey>REQUIRED: Common-use word or phrase used to describe the subject of the data set.</themekey></theme></keywords><accconst>REQUIRED: Restrictions and legal prerequisites for accessing the data set.</accconst><useconst>REQUIRED: Restrictions and legal prerequisites for using the data set after access is granted.</useconst><natvform Sync="TRUE">File Geodatabase Feature Class</natvform></idinfo><dataIdInfo><envirDesc Sync="TRUE">Microsoft Windows 7 Version 6.1 (Build 7601) Service Pack 1; Esri ArcGIS 10.3.0.4322</envirDesc><dataLang><languageCode Sync="TRUE" value="eng"/><countryCode value="USA" Sync="TRUE"/></dataLang><idCitation xmlns=""><resTitle Sync="TRUE">HudsonRiverEstuary_ScenicHudson_2K_2012</resTitle><presForm xmlns=""><PresFormCd value="005" Sync="TRUE"/></presForm></idCitation><dataExt><geoEle><GeoBndBox esriExtentType="native"><westBL Sync="TRUE">620689.201053</westBL><eastBL Sync="TRUE">711027.62766</eastBL><northBL Sync="TRUE">1428677.027709</northBL><southBL Sync="TRUE">778306.918675</southBL><exTypeCode Sync="TRUE">1</exTypeCode></GeoBndBox></geoEle></dataExt><geoBox esriExtentType="decdegrees"><westBL Sync="TRUE">-74.034415</westBL><eastBL Sync="TRUE">-73.68493</eastBL><northBL Sync="TRUE">42.754036</northBL><southBL Sync="TRUE">40.967384</southBL><exTypeCode Sync="TRUE">1</exTypeCode></geoBox><spatRpType><SpatRepTypCd value="001" Sync="TRUE"/></spatRpType><dataExt><geoEle xmlns=""><GeoBndBox esriExtentType="search"><exTypeCode Sync="TRUE">1</exTypeCode><westBL Sync="TRUE">-74.034415</westBL><eastBL Sync="TRUE">-73.684930</eastBL><northBL Sync="TRUE">42.754036</northBL><southBL Sync="TRUE">40.967384</southBL></GeoBndBox></geoEle></dataExt><idPurp>A polygon dataset of the majority of the Hudson River estuary, from the federal dam in Troy to the City of Yonkers. Projection: Transverse_Mercator, Horizontal Datum: NAD-83, Coordinate System: State Plane New York East (Feet), Original Source: Scenic Hudson 2012.








</idPurp><idAbs>&lt;DIV STYLE="text-align:Left;"&gt;&lt;DIV&gt;&lt;DIV&gt;&lt;P&gt;&lt;SPAN&gt;The dataset of the extent of the majority of the Hudson River estuary was digitized from high-resolution photography in 2010 (at a scale of approximately 1:2,000), and updated using LiDAR elevation data and mean sea level in 2012. &lt;/SPAN&gt;&lt;/P&gt;&lt;/DIV&gt;&lt;/DIV&gt;&lt;/DIV&gt;</idAbs><idCredit>Scenic Hudson, Inc. 2012.</idCredit><resConst><Consts><useLimit>&lt;DIV STYLE="text-align:Left;"&gt;&lt;DIV&gt;&lt;DIV&gt;&lt;OL STYLE="margin:0 0 0 0;padding:0 0 0 0;"&gt;&lt;LI&gt;&lt;P&gt;&lt;SPAN&gt;&lt;SPAN&gt;The data and/or maps provided in this release &lt;/SPAN&gt;&lt;/SPAN&gt;&lt;SPAN&gt;&lt;SPAN&gt;are provided “as is.”&lt;/SPAN&gt;&lt;/SPAN&gt;&lt;SPAN&gt;&lt;SPAN&gt;Scenic Hudson does not warrant or guarantee the accuracy, completeness or reliability of the content on this website and shall not be held liable for use of the data described and/or contained herein for any purpose. The metadata file for each coverage should be reviewed to understand the sources and limitations of the data. The sources and limitations of the data (including any limitations on the accuracy thereof) should be taken into account before using them in any analysis. &lt;/SPAN&gt;&lt;/SPAN&gt;&lt;SPAN STYLE="font-weight:bold;"&gt;By acceptance of these terms, the entire risk associated with use, results and performance of these data and maps is assumed by the End User&lt;/SPAN&gt;&lt;SPAN STYLE="font-weight:bold;"&gt;&lt;SPAN&gt;.&lt;/SPAN&gt;&lt;/SPAN&gt;&lt;/P&gt;&lt;P&gt;&lt;SPAN&gt;The data provided in this release cannot be relied on as a definitive statement and should not be substituted for on-site surveys or analysis that may be required for environmental assessment or conservation planning.&lt;/SPAN&gt;&lt;/P&gt;&lt;/LI&gt;&lt;/OL&gt;&lt;P&gt;&lt;SPAN /&gt;&lt;/P&gt;&lt;/DIV&gt;&lt;/DIV&gt;&lt;/DIV&gt;</useLimit></Consts></resConst></dataIdInfo><metainfo><langmeta Sync="TRUE">en</langmeta><metstdn Sync="TRUE">FGDC Content Standards for Digital Geospatial Metadata</metstdn><metstdv Sync="TRUE">FGDC-STD-001-1998</metstdv><mettc Sync="TRUE">local time</mettc><metc><cntinfo><cntorgp><cntper>REQUIRED: The person responsible for the metadata information.</cntper><cntorg>REQUIRED: The organization responsible for the metadata information.</cntorg></cntorgp><cntaddr><addrtype>REQUIRED: The mailing and/or physical address for the organization or individual.</addrtype><city>REQUIRED: The city of the address.</city><state>REQUIRED: The state or province of the address.</state><postal>REQUIRED: The ZIP or other postal code of the address.</postal></cntaddr><cntvoice>REQUIRED: The telephone number by which individuals can speak to the organization or individual.</cntvoice></cntinfo></metc><metd Sync="TRUE">20100318</metd></metainfo><mdLang><languageCode Sync="TRUE" value="eng"/><countryCode value="USA" Sync="TRUE"/></mdLang><mdStanName Sync="TRUE">ISO 19115 Geographic Information - Metadata</mdStanName><mdStanVer Sync="TRUE">DIS_ESRI1.0</mdStanVer><mdChar><CharSetCd Sync="TRUE" value="004"/></mdChar><mdHrLv><ScopeCd Sync="TRUE" value="005"/></mdHrLv><mdHrLvName Sync="TRUE">dataset</mdHrLvName><distinfo><resdesc Sync="TRUE">Downloadable Data</resdesc></distinfo><distInfo><distributor><distorTran><onLineSrc><orDesc Sync="TRUE">002</orDesc><linkage Sync="TRUE">file://\\1ccvirus\shares\LANDPRES\GISData\Natural.gdb</linkage><protocol Sync="TRUE">Local Area Network</protocol></onLineSrc></distorTran><distorFormat><formatName Sync="TRUE">File Geodatabase Feature Class</formatName></distorFormat></distributor><distFormat><formatName Sync="TRUE">Shapefile</formatName></distFormat><distTranOps><transSize Sync="TRUE">1.676</transSize></distTranOps></distInfo><spdoinfo><direct Sync="TRUE">Vector</direct><ptvctinf><esriterm Name="HudsonRiverEstuary_ScenicHudson_2K_2012"><efeatyp Sync="TRUE">Simple</efeatyp><efeageom code="4" Sync="TRUE"></efeageom><esritopo Sync="TRUE">FALSE</esritopo><efeacnt Sync="TRUE">1</efeacnt><spindex Sync="TRUE">FALSE</spindex><linrefer Sync="TRUE">FALSE</linrefer></esriterm></ptvctinf></spdoinfo><spref><horizsys><cordsysn><geogcsn Sync="TRUE">GCS_North_American_1983</geogcsn><projcsn Sync="TRUE">NAD_1983_StatePlane_New_York_East_FIPS_3101_Feet</projcsn></cordsysn><planar><planci><plance Sync="TRUE">coordinate pair</plance><plandu Sync="TRUE">survey feet</plandu><coordrep><absres Sync="TRUE">0.000328</absres><ordres Sync="TRUE">0.000328</ordres></coordrep></planci></planar><geodetic><horizdn Sync="TRUE">North American Datum of 1983</horizdn><ellips Sync="TRUE">Geodetic Reference System 80</ellips><semiaxis Sync="TRUE">6378137.000000</semiaxis><denflat Sync="TRUE">298.257222</denflat></geodetic></horizsys><vertdef><altsys><altenc Sync="TRUE">Explicit elevation coordinate included with horizontal coordinates</altenc><altres Sync="TRUE">0.000100</altres></altsys></vertdef></spref><refSysInfo><RefSystem><refSysID><identCode Sync="TRUE" value="2260" code="2260">NAD_1983_StatePlane_New_York_East_FIPS_3101_Feet</identCode><idCodeSpace Sync="TRUE">EPSG</idCodeSpace><idVersion Sync="TRUE">8.2.6</idVersion></refSysID></RefSystem></refSysInfo><spatRepInfo><VectSpatRep><geometObjs Name="HudsonRiverEstuary_ScenicHudson_2K_2012"><geoObjTyp><GeoObjTypCd value="002" Sync="TRUE"></GeoObjTypCd></geoObjTyp><geoObjCnt Sync="TRUE">1</geoObjCnt></geometObjs><topLvl><TopoLevCd value="001" Sync="TRUE"></TopoLevCd></topLvl></VectSpatRep></spatRepInfo><eainfo><detailed Name="HudsonRiverEstuary_ScenicHudson_2K_2012"><enttyp><enttypl Sync="TRUE">HudsonRiverEstuary_ScenicHudson_2K_2012</enttypl><enttypt Sync="TRUE">Feature Class</enttypt><enttypc Sync="TRUE">1</enttypc></enttyp><attr><attrlabl Sync="TRUE">FID</attrlabl><attalias Sync="TRUE">FID</attalias><attrtype Sync="TRUE">OID</attrtype><attwidth Sync="TRUE">4</attwidth><atprecis Sync="TRUE">0</atprecis><attscale Sync="TRUE">0</attscale><attrdef Sync="TRUE">Internal feature number.</attrdef><attrdefs Sync="TRUE">Esri</attrdefs><attrdomv><udom Sync="TRUE">Sequential unique whole numbers that are automatically generated.</udom></attrdomv></attr><attr><attrlabl Sync="TRUE">OBJECTID</attrlabl><attalias Sync="TRUE">OBJECTID</attalias><attrtype Sync="TRUE">Integer</attrtype><attwidth Sync="TRUE">10</attwidth><atprecis Sync="TRUE">10</atprecis><attscale Sync="TRUE">0</attscale><attrdef Sync="TRUE">Internal feature number.</attrdef><attrdefs Sync="TRUE">ESRI</attrdefs><attrdomv><udom Sync="TRUE">Sequential unique whole numbers that are automatically generated.</udom></attrdomv></attr><attr><attrlabl Sync="TRUE">Shape</attrlabl><attalias Sync="TRUE">Shape</attalias><attrtype Sync="TRUE">Geometry</attrtype><attwidth Sync="TRUE">0</attwidth><atprecis Sync="TRUE">0</atprecis><attscale Sync="TRUE">0</attscale><attrdef Sync="TRUE">Feature geometry.</attrdef><attrdefs Sync="TRUE">ESRI</attrdefs><attrdomv><udom Sync="TRUE">Coordinates defining the features.</udom></attrdomv></attr><attr><attrlabl Sync="TRUE">Shape_Area</attrlabl><attalias Sync="TRUE">Shape_Area</attalias><attrtype Sync="TRUE">Double</attrtype><attwidth Sync="TRUE">19</attwidth><atprecis Sync="TRUE">0</atprecis><attscale Sync="TRUE">0</attscale><attrdef Sync="TRUE">Area of feature in internal units squared.</attrdef><attrdefs Sync="TRUE">ESRI</attrdefs><attrdomv><udom Sync="TRUE">Positive real numbers that are automatically generated.</udom></attrdomv></attr></detailed></eainfo><mdDateSt Sync="TRUE">20151014</mdDateSt></metadata>
